Path;SteerAngle;Throttle;Brake;Speed;X_Position;Y_Position;Pitch;Yaw;Roll
/home/zypo/Desktop/Udacity/RoboSWEng/Term1/SimulationEnvironment/IMG/robocam_2018_10_24_17_56_29_528.jpg;0;0;1;0;99.66999;85.58897;0.0002359659;46.29718;3.328826E-06
/home/zypo/Desktop/Udacity/RoboSWEng/Term1/SimulationEnvironment/IMG/robocam_2018_10_24_17_56_29_588.jpg;0;0;0;0;99.66999;85.58897;0.0002359659;46.29718;3.328826E-06
/home/zypo/Desktop/Udacity/RoboSWEng/Term1/SimulationEnvironment/IMG/robocam_2018_10_24_17_56_29_651.jpg;0;0;0;0;99.66999;85.58897;0.0002359659;46.29718;3.328826E-06
/home/zypo/Desktop/Udacity/RoboSWEng/Term1/SimulationEnvironment/IMG/robocam_2018_10_24_17_56_29_722.jpg;0;0;0;0;99.66999;85.58897;0.0002359659;46.29718;3.328826E-06
/home/zypo/Desktop/Udacity/RoboSWEng/Term1/SimulationEnvironment/IMG/robocam_2018_10_24_17_56_29_789.jpg;0;0;0;0;99.66999;85.58897;0.0002359659;46.29718;3.328826E-06
/home/zypo/Desktop/Udacity/RoboSWEng/Term1/SimulationEnvironment/IMG/robocam_2018_10_24_17_56_29_855.jpg;0;0;0;0;99.66999;85.58897;0.0002358669;46.29718;3.289105E-06
/home/zypo/Desktop/Udacity/RoboSWEng/Term1/SimulationEnvironment/IMG/robocam_2018_10_24_17_56_29_922.jpg;0;0;0;0;99.66999;85.58897;0.0002355104;46.29718;3.031166E-06
/home/zypo/Desktop/Udacity/RoboSWEng/Term1/SimulationEnvironment/IMG/robocam_2018_10_24_17_56_29_987.jpg;0;0;0;0;99.66999;85.58897;0.0002352728;46.29718;2.763417E-06
/home/zypo/Desktop/Udacity/RoboSWEng/Term1/SimulationEnvironment/IMG/robocam_2018_10_24_17_56_30_053.jpg;0;0;0;0;99.66999;85.58897;0.0002350352;46.29718;2.495675E-06
/home/zypo/Desktop/Udacity/RoboSWEng/Term1/SimulationEnvironment/IMG/robocam_2018_10_24_17_56_30_121.jpg;0;0;0;0;99.66999;85.58897;0.0002347184;46.29718;2.138675E-06
/home/zypo/Desktop/Udacity/RoboSWEng/Term1/SimulationEnvironment/IMG/robocam_2018_10_24_17_56_30_189.jpg;0;0;0;0;99.66999;85.58897;0.0002344809;46.29718;1.870932E-06
/home/zypo/Desktop/Udacity/RoboSWEng/Term1/SimulationEnvironment/IMG/robocam_2018_10_24_17_56_30_255.jpg;0;0;0;0;99.66999;85.58897;0.0002342433;46.29718;1.603177E-06
/home/zypo/Desktop/Udacity/RoboSWEng/Term1/SimulationEnvironment/IMG/robocam_2018_10_24_17_56_30_323.jpg;0;0;0;0;99.66999;85.58897;0.0002339265;46.29718;1.24619E-06
/home/zypo/Desktop/Udacity/RoboSWEng/Term1/SimulationEnvironment/IMG/robocam_2018_10_24_17_56_30_388.jpg;0;0;0;0;99.66999;85.58897;0.0002336889;46.29718;9.784342E-07
/home/zypo/Desktop/Udacity/RoboSWEng/Term1/SimulationEnvironment/IMG/robocam_2018_10_24_17_56_30_455.jpg;0;0;0;0;99.66999;85.58897;0.0002334514;46.29718;7.106919E-07
/home/zypo/Desktop/Udacity/RoboSWEng/Term1/SimulationEnvironment/IMG/robocam_2018_10_24_17_56_30_523.jpg;0;0;0;0;99.66999;85.58897;0.0002331346;46.29718;3.536915E-07
/home/zypo/Desktop/Udacity/RoboSWEng/Term1/SimulationEnvironment/IMG/robocam_2018_10_24_17_56_30_591.jpg;0;0;0;0;99.66999;85.58897;0.000232897;46.29718;8.594926E-08
/home/zypo/Desktop/Udacity/RoboSWEng/Term1/SimulationEnvironment/IMG/robocam_2018_10_24_17_56_30_654.jpg;0;0;0;0;99.66999;85.58897;0.0002326594;46.29718;-1.81793E-07
/home/zypo/Desktop/Udacity/RoboSWEng/Term1/SimulationEnvironment/IMG/robocam_2018_10_24_17_56_30_721.jpg;0;0;0;0;99.66999;85.58897;0.0002327389;46.29718;-3.799029E-07
/home/zypo/Desktop/Udacity/RoboSWEng/Term1/SimulationEnvironment/IMG/robocam_2018_10_24_17_56_30_788.jpg;0;0;0;0;99.66999;85.58897;0.0002327786;46.29718;-4.789579E-07
/home/zypo/Desktop/Udacity/RoboSWEng/Term1/SimulationEnvironment/IMG/robocam_2018_10_24_17_56_30_854.jpg;0;0;0;0;99.66999;85.58897;0.0002327786;46.29718;-4.789579E-07
/home/zypo/Desktop/Udacity/RoboSWEng/Term1/SimulationEnvironment/IMG/robocam_2018_10_24_17_56_30_921.jpg;0;0;0;0;99.66999;85.58897;0.0002327786;46.29718;-4.789579E-07
/home/zypo/Desktop/Udacity/RoboSWEng/Term1/SimulationEnvironment/IMG/robocam_2018_10_24_17_56_30_988.jpg;0;0;0;0;99.66999;85.58897;0.0002327786;46.29718;-4.789579E-07
/home/zypo/Desktop/Udacity/RoboSWEng/Term1/SimulationEnvironment/IMG/robocam_2018_10_24_17_56_31_052.jpg;0;0;0;0;99.66999;85.58897;0.0002330758;46.29718;-3.597949E-07
/home/zypo/Desktop/Udacity/RoboSWEng/Term1/SimulationEnvironment/IMG/robocam_2018_10_24_17_56_31_121.jpg;0;0;0;0;99.66999;85.58897;0.0002332143;46.29718;-1.317672E-07
/home/zypo/Desktop/Udacity/RoboSWEng/Term1/SimulationEnvironment/IMG/robocam_2018_10_24_17_56_31_188.jpg;0;0;0;0;99.66999;85.58897;0.0002334519;46.29718;1.359816E-07
/home/zypo/Desktop/Udacity/RoboSWEng/Term1/SimulationEnvironment/IMG/robocam_2018_10_24_17_56_31_254.jpg;0;0;0;0;99.66999;85.58897;0.0002336894;46.29718;4.037238E-07
/home/zypo/Desktop/Udacity/RoboSWEng/Term1/SimulationEnvironment/IMG/robocam_2018_10_24_17_56_31_320.jpg;0;0;0;0;99.66999;85.58897;0.0002340062;46.29718;7.607243E-07
/home/zypo/Desktop/Udacity/RoboSWEng/Term1/SimulationEnvironment/IMG/robocam_2018_10_24_17_56_31_389.jpg;0;0;0;0;99.66999;85.58897;0.0002342438;46.29718;1.028466E-06
/home/zypo/Desktop/Udacity/RoboSWEng/Term1/SimulationEnvironment/IMG/robocam_2018_10_24_17_56_31_456.jpg;0;0;0;0;99.66999;85.58897;0.0002345606;46.29718;1.385467E-06
/home/zypo/Desktop/Udacity/RoboSWEng/Term1/SimulationEnvironment/IMG/robocam_2018_10_24_17_56_31_523.jpg;0;0;0;0;99.66999;85.58897;0.0002347981;46.29718;1.653209E-06
/home/zypo/Desktop/Udacity/RoboSWEng/Term1/SimulationEnvironment/IMG/robocam_2018_10_24_17_56_31_589.jpg;0;0;0;0;99.66999;85.58897;0.0002350357;46.29718;1.920958E-06
/home/zypo/Desktop/Udacity/RoboSWEng/Term1/SimulationEnvironment/IMG/robocam_2018_10_24_17_56_31_654.jpg;0;0;0;0;99.66999;85.58897;0.0002352733;46.29718;2.188707E-06
/home/zypo/Desktop/Udacity/RoboSWEng/Term1/SimulationEnvironment/IMG/robocam_2018_10_24_17_56_31_720.jpg;0;0;0;0;99.66999;85.58897;0.0002355901;46.29718;2.545694E-06
/home/zypo/Desktop/Udacity/RoboSWEng/Term1/SimulationEnvironment/IMG/robocam_2018_10_24_17_56_31_787.jpg;0;0.1064816;0;0;99.66969;85.58866;359.9905;46.29715;2.863143E-06
/home/zypo/Desktop/Udacity/RoboSWEng/Term1/SimulationEnvironment/IMG/robocam_2018_10_24_17_56_31_853.jpg;0;0;0.3037291;0;99.66893;85.58786;359.9686;46.2971;-8.579426E-07
/home/zypo/Desktop/Udacity/RoboSWEng/Term1/SimulationEnvironment/IMG/robocam_2018_10_24_17_56_31_920.jpg;0;0;0.5073452;0;99.66892;85.58785;359.973;46.2971;-5.524516E-06
/home/zypo/Desktop/Udacity/RoboSWEng/Term1/SimulationEnvironment/IMG/robocam_2018_10_24_17_56_31_988.jpg;0;0;0.7027259;0;99.66892;85.58785;359.9766;46.2971;-8.391828E-06
/home/zypo/Desktop/Udacity/RoboSWEng/Term1/SimulationEnvironment/IMG/robocam_2018_10_24_17_56_32_053.jpg;0;0;0.8930762;0;99.66892;85.58786;359.9805;46.2971;-1.059046E-05
/home/zypo/Desktop/Udacity/RoboSWEng/Term1/SimulationEnvironment/IMG/robocam_2018_10_24_17_56_32_120.jpg;0;0;1;0;99.66892;85.58786;359.9857;46.2971;-1.289457E-05
/home/zypo/Desktop/Udacity/RoboSWEng/Term1/SimulationEnvironment/IMG/robocam_2018_10_24_17_56_32_189.jpg;0;0;1;0;99.66893;85.58787;359.9897;46.2971;-1.435449E-05
/home/zypo/Desktop/Udacity/RoboSWEng/Term1/SimulationEnvironment/IMG/robocam_2018_10_24_17_56_32_255.jpg;0;0;1;0;99.66893;85.58787;359.9935;46.29711;-1.543192E-05
/home/zypo/Desktop/Udacity/RoboSWEng/Term1/SimulationEnvironment/IMG/robocam_2018_10_24_17_56_32_322.jpg;0;0;1;0;99.66893;85.58787;-0.001592603;46.29712;-1.648189E-05
/home/zypo/Desktop/Udacity/RoboSWEng/Term1/SimulationEnvironment/IMG/robocam_2018_10_24_17_56_32_387.jpg;0;0;1;0;99.66892;85.58787;0.001819007;46.29711;-1.662102E-05
/home/zypo/Desktop/Udacity/RoboSWEng/Term1/SimulationEnvironment/IMG/robocam_2018_10_24_17_56_32_455.jpg;0;0;1;0;99.66891;85.58786;0.004952316;46.29711;-1.636917E-05
/home/zypo/Desktop/Udacity/RoboSWEng/Term1/SimulationEnvironment/IMG/robocam_2018_10_24_17_56_32_521.jpg;0;0;1;0;99.66891;85.58785;0.008629286;46.29711;-1.530519E-05
/home/zypo/Desktop/Udacity/RoboSWEng/Term1/SimulationEnvironment/IMG/robocam_2018_10_24_17_56_32_588.jpg;0;0;1;0;99.66891;85.58786;0.01097295;46.29712;-1.406975E-05
/home/zypo/Desktop/Udacity/RoboSWEng/Term1/SimulationEnvironment/IMG/robocam_2018_10_24_17_56_32_654.jpg;0;0;1;0;99.66891;85.58786;0.01294028;46.29711;-1.312218E-05
/home/zypo/Desktop/Udacity/RoboSWEng/Term1/SimulationEnvironment/IMG/robocam_2018_10_24_17_56_32_721.jpg;0;0;1;0;99.66891;85.58786;0.01496082;46.29711;-1.067217E-05
/home/zypo/Desktop/Udacity/RoboSWEng/Term1/SimulationEnvironment/IMG/robocam_2018_10_24_17_56_32_789.jpg;0;0;1;0;99.6689;85.58784;0.01602295;46.29711;-9.317722E-06
/home/zypo/Desktop/Udacity/RoboSWEng/Term1/SimulationEnvironment/IMG/robocam_2018_10_24_17_56_32_856.jpg;0;0;1;0;99.66891;85.58786;0.01684943;46.29711;-7.257494E-06
/home/zypo/Desktop/Udacity/RoboSWEng/Term1/SimulationEnvironment/IMG/robocam_2018_10_24_17_56_32_922.jpg;0;0;1;0;99.66891;85.58786;0.0170478;46.29711;-5.607059E-06
/home/zypo/Desktop/Udacity/RoboSWEng/Term1/SimulationEnvironment/IMG/robocam_2018_10_24_17_56_32_988.jpg;0;0;1;0;99.66891;85.58786;0.01690876;46.29711;-4.103367E-06
/home/zypo/Desktop/Udacity/RoboSWEng/Term1/SimulationEnvironment/IMG/robocam_2018_10_24_17_56_33_054.jpg;0;0;1;0;99.66891;85.58785;0.01645961;46.29711;-2.603843E-06
/home/zypo/Desktop/Udacity/RoboSWEng/Term1/SimulationEnvironment/IMG/robocam_2018_10_24_17_56_33_122.jpg;0;0;1;0;99.66889;85.58785;0.01543244;46.2971;-8.06249E-07
/home/zypo/Desktop/Udacity/RoboSWEng/Term1/SimulationEnvironment/IMG/robocam_2018_10_24_17_56_33_188.jpg;0;0;1;0;99.66891;85.58786;0.01438576;46.29711;5.873863E-07
/home/zypo/Desktop/Udacity/RoboSWEng/Term1/SimulationEnvironment/IMG/robocam_2018_10_24_17_56_33_255.jpg;0;0;1;0;99.66891;85.58787;0.01314348;46.29711;2.017707E-06
/home/zypo/Desktop/Udacity/RoboSWEng/Term1/SimulationEnvironment/IMG/robocam_2018_10_24_17_56_33_322.jpg;0;0;1;0;99.66892;85.58788;0.0112486;46.29711;3.621034E-06
/home/zypo/Desktop/Udacity/RoboSWEng/Term1/SimulationEnvironment/IMG/robocam_2018_10_24_17_56_33_387.jpg;0;0;1;0;99.66892;85.58788;0.009697881;46.29712;4.623635E-06
/home/zypo/Desktop/Udacity/RoboSWEng/Term1/SimulationEnvironment/IMG/robocam_2018_10_24_17_56_33_455.jpg;0;0;0;0;99.66893;85.58788;0.008077936;46.29712;5.347757E-06
/home/zypo/Desktop/Udacity/RoboSWEng/Term1/SimulationEnvironment/IMG/robocam_2018_10_24_17_56_33_522.jpg;0;0;0;0;99.66893;85.58788;0.00587307;46.29712;5.788819E-06
/home/zypo/Desktop/Udacity/RoboSWEng/Term1/SimulationEnvironment/IMG/robocam_2018_10_24_17_56_33_588.jpg;0;0;0;0;99.66894;85.58788;0.004228412;46.29712;6.204241E-06
/home/zypo/Desktop/Udacity/RoboSWEng/Term1/SimulationEnvironment/IMG/robocam_2018_10_24_17_56_33_654.jpg;0;0;0;0;99.66894;85.58788;0.002627215;46.29712;6.340457E-06
/home/zypo/Desktop/Udacity/RoboSWEng/Term1/SimulationEnvironment/IMG/robocam_2018_10_24_17_56_33_722.jpg;0;0;0;0;99.66895;85.58789;0.0006061788;46.29712;6.56569E-06
/home/zypo/Desktop/Udacity/RoboSWEng/Term1/SimulationEnvironment/IMG/robocam_2018_10_24_17_56_33_789.jpg;0;0;0;0;99.66895;85.5879;-0.0007934513;46.29713;6.412552E-06
/home/zypo/Desktop/Udacity/RoboSWEng/Term1/SimulationEnvironment/IMG/robocam_2018_10_24_17_56_33_852.jpg;0;0;0;0;99.66896;85.58791;-0.002071975;46.29713;6.474277E-06
/home/zypo/Desktop/Udacity/RoboSWEng/Term1/SimulationEnvironment/IMG/robocam_2018_10_24_17_56_33_924.jpg;0;0;0;0;99.66897;85.58791;-0.003560726;46.29713;6.055206E-06
/home/zypo/Desktop/Udacity/RoboSWEng/Term1/SimulationEnvironment/IMG/robocam_2018_10_24_17_56_33_988.jpg;0;0;0;0;99.66898;85.58793;-0.004501118;46.29713;5.342339E-06
/home/zypo/Desktop/Udacity/RoboSWEng/Term1/SimulationEnvironment/IMG/robocam_2018_10_24_17_56_34_053.jpg;0;0;0;0;99.66897;85.58791;-0.005282314;46.29713;4.481061E-06
/home/zypo/Desktop/Udacity/RoboSWEng/Term1/SimulationEnvironment/IMG/robocam_2018_10_24_17_56_34_121.jpg;0;0;0;0;99.66895;85.58791;359.9939;46.29713;3.475126E-06
/home/zypo/Desktop/Udacity/RoboSWEng/Term1/SimulationEnvironment/IMG/robocam_2018_10_24_17_56_34_188.jpg;0;0;0;0;99.66895;85.5879;359.9935;46.29712;3.024893E-06
/home/zypo/Desktop/Udacity/RoboSWEng/Term1/SimulationEnvironment/IMG/robocam_2018_10_24_17_56_34_256.jpg;0;0;0;0;99.66895;85.5879;359.9932;46.29712;2.175705E-06
/home/zypo/Desktop/Udacity/RoboSWEng/Term1/SimulationEnvironment/IMG/robocam_2018_10_24_17_56_34_322.jpg;0;0;0;0;99.66895;85.5879;359.9932;46.29712;1.701085E-06
/home/zypo/Desktop/Udacity/RoboSWEng/Term1/SimulationEnvironment/IMG/robocam_2018_10_24_17_56_34_387.jpg;0;0;0;0;99.66895;85.5879;359.9933;46.29713;1.328185E-06
/home/zypo/Desktop/Udacity/RoboSWEng/Term1/SimulationEnvironment/IMG/robocam_2018_10_24_17_56_34_455.jpg;0;0;0;0;99.66895;85.5879;359.9935;46.29712;9.56118E-07
/home/zypo/Desktop/Udacity/RoboSWEng/Term1/SimulationEnvironment/IMG/robocam_2018_10_24_17_56_34_522.jpg;0;0;0;0;99.66895;85.58791;359.994;46.29713;2.74725E-07
/home/zypo/Desktop/Udacity/RoboSWEng/Term1/SimulationEnvironment/IMG/robocam_2018_10_24_17_56_34_588.jpg;0;0;0;0;99.66896;85.58791;-0.005562911;46.29712;-1.542462E-08
/home/zypo/Desktop/Udacity/RoboSWEng/Term1/SimulationEnvironment/IMG/robocam_2018_10_24_17_56_34_654.jpg;0;0;0;0;99.66897;85.58792;-0.00502351;46.29713;-3.364235E-07
/home/zypo/Desktop/Udacity/RoboSWEng/Term1/SimulationEnvironment/IMG/robocam_2018_10_24_17_56_34_722.jpg;0;0;0;0;99.66898;85.58793;-0.004211119;46.29713;-7.063018E-07
/home/zypo/Desktop/Udacity/RoboSWEng/Term1/SimulationEnvironment/IMG/robocam_2018_10_24_17_56_34_788.jpg;2.081709;0;0;0;99.66898;85.58794;-0.003552147;46.42202;6.408096E-06
/home/zypo/Desktop/Udacity/RoboSWEng/Term1/SimulationEnvironment/IMG/robocam_2018_10_24_17_56_34_855.jpg;5.92555;0;0;0;99.66899;85.58794;-0.00286792;47.25446;4.287315E-05
/home/zypo/Desktop/Udacity/RoboSWEng/Term1/SimulationEnvironment/IMG/robocam_2018_10_24_17_56_34_922.jpg;9.916091;0;0;0;99.66901;85.58796;-0.001940365;49.40297;8.842675E-05
/home/zypo/Desktop/Udacity/RoboSWEng/Term1/SimulationEnvironment/IMG/robocam_2018_10_24_17_56_34_990.jpg;13.88977;0;0;0;99.66901;85.58797;-0.00125525;51.78821;9.008933E-05
/home/zypo/Desktop/Udacity/RoboSWEng/Term1/SimulationEnvironment/IMG/robocam_2018_10_24_17_56_35_053.jpg;15;0;0;0;99.66902;85.58797;-0.0005942488;54.4882;3.848198E-05
/home/zypo/Desktop/Udacity/RoboSWEng/Term1/SimulationEnvironment/IMG/robocam_2018_10_24_17_56_35_123.jpg;10.85976;0;0;0;99.66903;85.58798;0.0002244958;57.33862;-0.0001085415
/home/zypo/Desktop/Udacity/RoboSWEng/Term1/SimulationEnvironment/IMG/robocam_2018_10_24_17_56_35_189.jpg;6.877613;0;0;0;99.66904;85.58799;0.0007791382;58.68921;-0.0002434358
/home/zypo/Desktop/Udacity/RoboSWEng/Term1/SimulationEnvironment/IMG/robocam_2018_10_24_17_56_35_256.jpg;2.781301;0;0;0;99.66904;85.588;0.00143746;59.59377;-0.000410939
/home/zypo/Desktop/Udacity/RoboSWEng/Term1/SimulationEnvironment/IMG/robocam_2018_10_24_17_56_35_323.jpg;0;0;0;0;99.66905;85.58801;0.00186706;59.6386;-0.0005068206
/home/zypo/Desktop/Udacity/RoboSWEng/Term1/SimulationEnvironment/IMG/robocam_2018_10_24_17_56_35_387.jpg;-2.006636;0;0;0;99.66906;85.58801;0.002235481;59.51818;-0.0005782841
/home/zypo/Desktop/Udacity/RoboSWEng/Term1/SimulationEnvironment/IMG/robocam_2018_10_24_17_56_35_452.jpg;-6.008635;0;0;0;99.66906;85.58801;0.00254546;58.69176;-0.0006013998
/home/zypo/Desktop/Udacity/RoboSWEng/Term1/SimulationEnvironment/IMG/robocam_2018_10_24_17_56_35_523.jpg;-9.912229;0;0;0;99.66907;85.58802;0.002865331;56.56829;-0.0005509284
/home/zypo/Desktop/Udacity/RoboSWEng/Term1/SimulationEnvironment/IMG/robocam_2018_10_24_17_56_35_588.jpg;-13.84446;0;0;0;99.66907;85.58802;0.003032998;54.18677;-0.0004515788
/home/zypo/Desktop/Udacity/RoboSWEng/Term1/SimulationEnvironment/IMG/robocam_2018_10_24_17_56_35_653.jpg;-15;0;0;0;99.66907;85.58802;0.003133415;51.48676;-0.0003249384
/home/zypo/Desktop/Udacity/RoboSWEng/Term1/SimulationEnvironment/IMG/robocam_2018_10_24_17_56_35_721.jpg;-15;0;0;0;99.66907;85.58802;0.003162775;47.88676;-0.0001558894
/home/zypo/Desktop/Udacity/RoboSWEng/Term1/SimulationEnvironment/IMG/robocam_2018_10_24_17_56_35_789.jpg;-15;0;0;0;99.66907;85.58802;0.003112968;45.18675;-3.981825E-05
/home/zypo/Desktop/Udacity/RoboSWEng/Term1/SimulationEnvironment/IMG/robocam_2018_10_24_17_56_35_856.jpg;-13.04801;0;0;0;99.66907;85.58802;0.002960927;41.821;7.788444E-05
/home/zypo/Desktop/Udacity/RoboSWEng/Term1/SimulationEnvironment/IMG/robocam_2018_10_24_17_56_35_924.jpg;-9.009891;0;0;0;99.66907;85.58801;0.002796479;40.08286;0.00010646
/home/zypo/Desktop/Udacity/RoboSWEng/Term1/SimulationEnvironment/IMG/robocam_2018_10_24_17_56_35_987.jpg;-5.089316;0;0;0;99.66906;85.58801;0.002595935;39.05901;8.920069E-05
/home/zypo/Desktop/Udacity/RoboSWEng/Term1/SimulationEnvironment/IMG/robocam_2018_10_24_17_56_36_053.jpg;-1.187282;0;0;0;99.66906;85.58801;0.002366891;38.62196;4.150036E-05
/home/zypo/Desktop/Udacity/RoboSWEng/Term1/SimulationEnvironment/IMG/robocam_2018_10_24_17_56_36_123.jpg;0;0;0;0;99.66906;85.58801;0.002026595;38.62196;-4.012267E-05
/home/zypo/Desktop/Udacity/RoboSWEng/Term1/SimulationEnvironment/IMG/robocam_2018_10_24_17_56_36_187.jpg;0;0;0;0;99.66905;85.588;0.001752371;38.62196;-9.464125E-05
/home/zypo/Desktop/Udacity/RoboSWEng/Term1/SimulationEnvironment/IMG/robocam_2018_10_24_17_56_36_255.jpg;0;0;0;0;99.66905;85.588;0.001468993;38.62196;-0.000142194
/home/zypo/Desktop/Udacity/RoboSWEng/Term1/SimulationEnvironment/IMG/robocam_2018_10_24_17_56_36_321.jpg;0;0;0;0;99.66904;85.58799;0.001087471;38.62196;-0.0001947377
/home/zypo/Desktop/Udacity/RoboSWEng/Term1/SimulationEnvironment/IMG/robocam_2018_10_24_17_56_36_388.jpg;0;0;0;0;99.66904;85.58799;0.0008059256;38.62196;-0.0002254211
/home/zypo/Desktop/Udacity/RoboSWEng/Term1/SimulationEnvironment/IMG/robocam_2018_10_24_17_56_36_454.jpg;0;0;0;0;99.66904;85.58798;0.0005333758;38.62196;-0.0002484614
/home/zypo/Desktop/Udacity/RoboSWEng/Term1/SimulationEnvironment/IMG/robocam_2018_10_24_17_56_36_523.jpg;0;0;0;0;99.66904;85.58798;0.0001932521;38.62196;-0.0002688934
/home/zypo/Desktop/Udacity/RoboSWEng/Term1/SimulationEnvironment/IMG/robocam_2018_10_24_17_56_36_589.jpg;0;0;0;0;99.66903;85.58797;-4.030242E-05;38.62196;-0.0002764918
/home/zypo/Desktop/Udacity/RoboSWEng/Term1/SimulationEnvironment/IMG/robocam_2018_10_24_17_56_36_654.jpg;0;0;0;0;99.66903;85.58797;-0.0002513912;38.62196;-0.0002773692
/home/zypo/Desktop/Udacity/RoboSWEng/Term1/SimulationEnvironment/IMG/robocam_2018_10_24_17_56_36_722.jpg;0;0;0;0;99.66903;85.58797;-0.0004941873;38.62196;-0.0002696949
/home/zypo/Desktop/Udacity/RoboSWEng/Term1/SimulationEnvironment/IMG/robocam_2018_10_24_17_56_36_789.jpg;0;0;0;0;99.66902;85.58797;-0.0006450079;38.62196;-0.0002577467
/home/zypo/Desktop/Udacity/RoboSWEng/Term1/SimulationEnvironment/IMG/robocam_2018_10_24_17_56_36_854.jpg;0;0;0;0;99.66902;85.58797;-0.0007679419;38.62196;-0.0002419767
/home/zypo/Desktop/Udacity/RoboSWEng/Term1/SimulationEnvironment/IMG/robocam_2018_10_24_17_56_36_921.jpg;0;0;0;0;99.66902;85.58797;-0.0008878948;38.62196;-0.0002154171
/home/zypo/Desktop/Udacity/RoboSWEng/Term1/SimulationEnvironment/IMG/robocam_2018_10_24_17_56_36_988.jpg;0;0.09986043;0;0;99.66903;85.58798;-0.0005410263;38.62177;-0.0001925114
/home/zypo/Desktop/Udacity/RoboSWEng/Term1/SimulationEnvironment/IMG/robocam_2018_10_24_17_56_37_052.jpg;0;0.2896736;0;0.01056332;99.66936;85.58823;0.008156249;38.64678;-0.0001844955
/home/zypo/Desktop/Udacity/RoboSWEng/Term1/SimulationEnvironment/IMG/robocam_2018_10_24_17_56_37_121.jpg;0;0.5000489;0;0.02857407;99.67211;85.59043;0.08226121;38.53285;-4.80615E-05
/home/zypo/Desktop/Udacity/RoboSWEng/Term1/SimulationEnvironment/IMG/robocam_2018_10_24_17_56_37_188.jpg;0;0.7011631;0;0.04700367;99.67645;85.59389;0.1936733;38.60304;-0.0001787065
/home/zypo/Desktop/Udacity/RoboSWEng/Term1/SimulationEnvironment/IMG/robocam_2018_10_24_17_56_37_253.jpg;0;0.9032249;0;0.1121376;99.68385;85.59978;0.3782288;38.66691;-0.0006669319
/home/zypo/Desktop/Udacity/RoboSWEng/Term1/SimulationEnvironment/IMG/robocam_2018_10_24_17_56_37_323.jpg;0;1;0;0.1592501;99.69774;85.61082;0.6732221;38.47924;-0.0004341738
/home/zypo/Desktop/Udacity/RoboSWEng/Term1/SimulationEnvironment/IMG/robocam_2018_10_24_17_56_37_388.jpg;0;1;0;0.2008681;99.71117;85.62151;0.9201711;38.53246;-0.0007017056
/home/zypo/Desktop/Udacity/RoboSWEng/Term1/SimulationEnvironment/IMG/robocam_2018_10_24_17_56_37_456.jpg;0;1;0;0.2614323;99.73318;85.63887;1.264331;38.47004;-0.001693712
/home/zypo/Desktop/Udacity/RoboSWEng/Term1/SimulationEnvironment/IMG/robocam_2018_10_24_17_56_37_523.jpg;0;1;0;0.3330097;99.74989;85.65193;1.318325;38.45085;-0.003302257
/home/zypo/Desktop/Udacity/RoboSWEng/Term1/SimulationEnvironment/IMG/robocam_2018_10_24_17_56_37_589.jpg;0;1;0;0.3662518;99.76666;85.66506;1.162342;38.49373;-0.0002269904
/home/zypo/Desktop/Udacity/RoboSWEng/Term1/SimulationEnvironment/IMG/robocam_2018_10_24_17_56_37_653.jpg;0;1;0;0.4527185;99.78698;85.68102;1.07954;38.46241;-0.0002188984
/home/zypo/Desktop/Udacity/RoboSWEng/Term1/SimulationEnvironment/IMG/robocam_2018_10_24_17_56_37_721.jpg;0;1;0;0.5073482;99.81936;85.70652;1.082181;38.35095;0.0002452902
/home/zypo/Desktop/Udacity/RoboSWEng/Term1/SimulationEnvironment/IMG/robocam_2018_10_24_17_56_37_789.jpg;0;1;0;0.5432517;99.84605;85.7275;1.115701;38.3656;-0.0009912857
/home/zypo/Desktop/Udacity/RoboSWEng/Term1/SimulationEnvironment/IMG/robocam_2018_10_24_17_56_37_856.jpg;0;1;0;0.6086772;99.88583;85.75869;1.207639;38.34723;-0.0006956598
/home/zypo/Desktop/Udacity/RoboSWEng/Term1/SimulationEnvironment/IMG/robocam_2018_10_24_17_56_37_920.jpg;0;1;0;0.6535375;99.91763;85.78362;1.23883;38.37546;-0.001585615
/home/zypo/Desktop/Udacity/RoboSWEng/Term1/SimulationEnvironment/IMG/robocam_2018_10_24_17_56_37_988.jpg;0;1;0;0.7054676;99.952;85.81069;1.249633;38.44754;-0.001405325
/home/zypo/Desktop/Udacity/RoboSWEng/Term1/SimulationEnvironment/IMG/robocam_2018_10_24_17_56_38_053.jpg;0;1;0;0.7722019;99.98826;85.83929;1.230449;38.45103;-0.001451323
/home/zypo/Desktop/Udacity/RoboSWEng/Term1/SimulationEnvironment/IMG/robocam_2018_10_24_17_56_38_119.jpg;0;1;0;0.8235945;100.0401;85.88013;1.191305;38.40011;0.000496897
/home/zypo/Desktop/Udacity/RoboSWEng/Term1/SimulationEnvironment/IMG/robocam_2018_10_24_17_56_38_188.jpg;0;1;0;0.8749635;100.0824;85.91332;1.207647;38.29377;-7.514878E-05
/home/zypo/Desktop/Udacity/RoboSWEng/Term1/SimulationEnvironment/IMG/robocam_2018_10_24_17_56_38_256.jpg;0;1;0;0.9408538;100.1423;85.96032;1.225343;38.23561;-0.0006734611
/home/zypo/Desktop/Udacity/RoboSWEng/Term1/SimulationEnvironment/IMG/robocam_2018_10_24_17_56_38_321.jpg;0;1;0;0.9899869;100.1899;85.99757;1.228627;38.24089;-0.001081393
/home/zypo/Desktop/Udacity/RoboSWEng/Term1/SimulationEnvironment/IMG/robocam_2018_10_24_17_56_38_389.jpg;0;1;0;1.038328;100.2396;86.03646;1.220065;38.22137;-0.000671485
/home/zypo/Desktop/Udacity/RoboSWEng/Term1/SimulationEnvironment/IMG/robocam_2018_10_24_17_56_38_456.jpg;0;1;0;1.098135;100.3092;86.09085;1.218551;38.23205;-0.001189682
/home/zypo/Desktop/Udacity/RoboSWEng/Term1/SimulationEnvironment/IMG/robocam_2018_10_24_17_56_38_522.jpg;0;1;0;1.145771;100.3642;86.13383;1.224712;38.20248;-0.0004555389
/home/zypo/Desktop/Udacity/RoboSWEng/Term1/SimulationEnvironment/IMG/robocam_2018_10_24_17_56_38_588.jpg;0;1;0;1.192152;100.4213;86.17844;1.226117;38.16908;-0.0008263753
/home/zypo/Desktop/Udacity/RoboSWEng/Term1/SimulationEnvironment/IMG/robocam_2018_10_24_17_56_38_652.jpg;0;1;0;1.255202;100.4808;86.22485;1.230464;38.13153;-0.0007971281
/home/zypo/Desktop/Udacity/RoboSWEng/Term1/SimulationEnvironment/IMG/robocam_2018_10_24_17_56_38_722.jpg;0;1;0;1.302405;100.5637;86.28939;1.237736;38.09222;-0.0007451446
/home/zypo/Desktop/Udacity/RoboSWEng/Term1/SimulationEnvironment/IMG/robocam_2018_10_24_17_56_38_788.jpg;0;1;0;1.349737;100.6284;86.33976;1.240999;38.07143;-0.0007969711
/home/zypo/Desktop/Udacity/RoboSWEng/Term1/SimulationEnvironment/IMG/robocam_2018_10_24_17_56_38_854.jpg;-4.129629;1;0;1.41207;100.696;86.39098;1.241881;37.86456;0.0002602486
/home/zypo/Desktop/Udacity/RoboSWEng/Term1/SimulationEnvironment/IMG/robocam_2018_10_24_17_56_38_922.jpg;-8.181181;1;0;1.457551;100.7914;86.45907;1.237666;37.05875;-0.000510996
/home/zypo/Desktop/Udacity/RoboSWEng/Term1/SimulationEnvironment/IMG/robocam_2018_10_24_17_56_38_989.jpg;-12.03235;1;0;1.503042;100.8677;86.50897;1.237232;36.02707;359.9672
/home/zypo/Desktop/Udacity/RoboSWEng/Term1/SimulationEnvironment/IMG/robocam_2018_10_24_17_56_39_053.jpg;-14.19235;1;0;1.558925;100.9473;86.55721;1.207671;34.66482;359.9236
/home/zypo/Desktop/Udacity/RoboSWEng/Term1/SimulationEnvironment/IMG/robocam_2018_10_24_17_56_39_120.jpg;-15;1;0;1.602786;101.0585;86.61938;1.120128;32.64305;359.8677
/home/zypo/Desktop/Udacity/RoboSWEng/Term1/SimulationEnvironment/IMG/robocam_2018_10_24_17_56_39_187.jpg;-15;1;0;1.647321;101.1461;86.66462;1.054474;31.08113;359.8053
/home/zypo/Desktop/Udacity/RoboSWEng/Term1/SimulationEnvironment/IMG/robocam_2018_10_24_17_56_39_254.jpg;-13.02498;1;0;1.705109;101.2371;86.70903;0.9874225;29.52773;359.7434
/home/zypo/Desktop/Udacity/RoboSWEng/Term1/SimulationEnvironment/IMG/robocam_2018_10_24_17_56_39_321.jpg;-12.97092;1;0;1.749405;101.3636;86.7665;0.8946807;27.48395;359.6586
/home/zypo/Desktop/Udacity/RoboSWEng/Term1/SimulationEnvironment/IMG/robocam_2018_10_24_17_56_39_388.jpg;-12.90359;1;0;1.792942;101.4624;86.80815;0.8246058;25.97207;359.595
/home/zypo/Desktop/Udacity/RoboSWEng/Term1/SimulationEnvironment/IMG/robocam_2018_10_24_17_56_39_455.jpg;-8.935003;1;0;1.854351;101.5642;86.85017;0.7669251;24.70752;359.5627
/home/zypo/Desktop/Udacity/RoboSWEng/Term1/SimulationEnvironment/IMG/robocam_2018_10_24_17_56_39_519.jpg;-4.717312;1;0;1.900519;101.7047;86.90845;0.740457;23.6366;359.5785
/home/zypo/Desktop/Udacity/RoboSWEng/Term1/SimulationEnvironment/IMG/robocam_2018_10_24_17_56_39_587.jpg;-0.9388733;1;0;1.946016;101.8136;86.95468;0.781944;23.30294;359.6265
/home/zypo/Desktop/Udacity/RoboSWEng/Term1/SimulationEnvironment/IMG/robocam_2018_10_24_17_56_39_654.jpg;0;1;0;2.003916;101.9253;87.00314;0.8725967;23.24986;359.7019
/home/zypo/Desktop/Udacity/RoboSWEng/Term1/SimulationEnvironment/IMG/robocam_2018_10_24_17_56_39_720.jpg;0;1;0;2.047286;102.0789;87.06995;1.049541;23.26257;359.8205
/home/zypo/Desktop/Udacity/RoboSWEng/Term1/SimulationEnvironment/IMG/robocam_2018_10_24_17_56_39_788.jpg;0;1;0;2.090264;102.1969;87.1216;1.193031;23.28709;359.9378
/home/zypo/Desktop/Udacity/RoboSWEng/Term1/SimulationEnvironment/IMG/robocam_2018_10_24_17_56_39_854.jpg;0;1;0;2.149414;102.3179;87.17337;1.341873;23.28169;0.00410164
/home/zypo/Desktop/Udacity/RoboSWEng/Term1/SimulationEnvironment/IMG/robocam_2018_10_24_17_56_39_919.jpg;4.056659;1;0;2.191815;102.4795;87.24358;1.344997;23.62233;-0.004597397
/home/zypo/Desktop/Udacity/RoboSWEng/Term1/SimulationEnvironment/IMG/robocam_2018_10_24_17_56_39_988.jpg;3.715496;1;0;2.23995;102.6015;87.29964;1.280966;24.161;-0.003850521
/home/zypo/Desktop/Udacity/RoboSWEng/Term1/SimulationEnvironment/IMG/robocam_2018_10_24_17_56_40_053.jpg;0;1;0;2.299006;102.7267;87.35691;1.260709;24.43938;-0.002495224
/home/zypo/Desktop/Udacity/RoboSWEng/Term1/SimulationEnvironment/IMG/robocam_2018_10_24_17_56_40_122.jpg;0;1;0;2.341636;102.8985;87.43459;1.292165;24.49232;-0.0009468622
/home/zypo/Desktop/Udacity/RoboSWEng/Term1/SimulationEnvironment/IMG/robocam_2018_10_24_17_56_40_187.jpg;0;1;0;2.384254;103.0304;87.49407;1.334736;24.48451;-0.001319705
/home/zypo/Desktop/Udacity/RoboSWEng/Term1/SimulationEnvironment/IMG/robocam_2018_10_24_17_56_40_254.jpg;0;1;0;2.44146;103.1641;87.55434;1.343712;24.47217;-0.001320137
/home/zypo/Desktop/Udacity/RoboSWEng/Term1/SimulationEnvironment/IMG/robocam_2018_10_24_17_56_40_319.jpg;0;1;0;2.486186;103.3458;87.63612;1.327488;24.45144;-0.001286235
/home/zypo/Desktop/Udacity/RoboSWEng/Term1/SimulationEnvironment/IMG/robocam_2018_10_24_17_56_40_388.jpg;0;1;0;2.529659;103.4852;87.69878;1.330703;24.43813;-0.001282874
/home/zypo/Desktop/Udacity/RoboSWEng/Term1/SimulationEnvironment/IMG/robocam_2018_10_24_17_56_40_450.jpg;4.108086;1;0;2.585596;103.6263;87.76357;1.335068;24.64364;-0.00274061
/home/zypo/Desktop/Udacity/RoboSWEng/Term1/SimulationEnvironment/IMG/robocam_2018_10_24_17_56_40_521.jpg;7.95403;1;0;2.62657;103.8152;87.85644;1.321435;25.65408;0.03716286
/home/zypo/Desktop/Udacity/RoboSWEng/Term1/SimulationEnvironment/IMG/robocam_2018_10_24_17_56_40_588.jpg;12.07957;1;0;2.678719;103.956;87.9317;1.258829;26.96509;0.1014126
/home/zypo/Desktop/Udacity/RoboSWEng/Term1/SimulationEnvironment/IMG/robocam_2018_10_24_17_56_40_653.jpg;15;1;0;2.714584;104.0946;88.01319;1.131179;28.80318;0.2182753
/home/zypo/Desktop/Udacity/RoboSWEng/Term1/SimulationEnvironment/IMG/robocam_2018_10_24_17_56_40_722.jpg;15;1;0;2.752452;104.2759;88.13086;0.8749678;31.58935;0.4360434
/home/zypo/Desktop/Udacity/RoboSWEng/Term1/SimulationEnvironment/IMG/robocam_2018_10_24_17_56_40_787.jpg;15;1;0;2.790065;104.4095;88.22558;0.6352062;33.72044;0.6348112
/home/zypo/Desktop/Udacity/RoboSWEng/Term1/SimulationEnvironment/IMG/robocam_2018_10_24_17_56_40_854.jpg;15;1;0;2.839832;104.5408;88.32606;0.3646534;35.85275;0.8629305
/home/zypo/Desktop/Udacity/RoboSWEng/Term1/SimulationEnvironment/IMG/robocam_2018_10_24_17_56_40_923.jpg;12.97116;1;0;2.876584;104.7127;88.46828;359.9713;38.57441;1.178563
/home/zypo/Desktop/Udacity/RoboSWEng/Term1/SimulationEnvironment/IMG/robocam_2018_10_24_17_56_40_988.jpg;15;1;0;2.912401;104.8435;88.58158;359.8893;40.40595;1.267354
/home/zypo/Desktop/Udacity/RoboSWEng/Term1/SimulationEnvironment/IMG/robocam_2018_10_24_17_56_41_053.jpg;15;1;0;2.942705;104.9746;88.70182;0.01214541;42.20851;1.251374
/home/zypo/Desktop/Udacity/RoboSWEng/Term1/SimulationEnvironment/IMG/robocam_2018_10_24_17_56_41_120.jpg;10.72547;1;0;2.983175;105.1449;88.86964;0.04944001;44.70932;1.070712
/home/zypo/Desktop/Udacity/RoboSWEng/Term1/SimulationEnvironment/IMG/robocam_2018_10_24_17_56_41_188.jpg;6.764216;1;0;3.030715;105.27;89.00255;0.06486002;46.12173;0.9847217
/home/zypo/Desktop/Udacity/RoboSWEng/Term1/SimulationEnvironment/IMG/robocam_2018_10_24_17_56_41_255.jpg;2.821083;1;0;3.085669;105.3958;89.13956;0.1322549;47.01022;0.9217871
/home/zypo/Desktop/Udacity/RoboSWEng/Term1/SimulationEnvironment/IMG/robocam_2018_10_24_17_56_41_322.jpg;0;1;0;3.125297;105.5677;89.32566;0.2970111;47.39758;0.7883747
/home/zypo/Desktop/Udacity/RoboSWEng/Term1/SimulationEnvironment/IMG/robocam_2018_10_24_17_56_41_390.jpg;0;1;0;3.164523;105.699;89.46786;0.4663556;47.4432;0.6663517
/home/zypo/Desktop/Udacity/RoboSWEng/Term1/SimulationEnvironment/IMG/robocam_2018_10_24_17_56_41_456.jpg;0;1;0;3.217134;105.8323;89.612;0.6542647;47.43999;0.520741
/home/zypo/Desktop/Udacity/RoboSWEng/Term1/SimulationEnvironment/IMG/robocam_2018_10_24_17_56_41_522.jpg;0;1;0;3.255927;106.0127;89.8073;0.933114;47.41766;0.3088249
/home/zypo/Desktop/Udacity/RoboSWEng/Term1/SimulationEnvironment/IMG/robocam_2018_10_24_17_56_41_588.jpg;0;1;0;3.295752;106.1503;89.95586;1.155992;47.38988;0.1417342
/home/zypo/Desktop/Udacity/RoboSWEng/Term1/SimulationEnvironment/IMG/robocam_2018_10_24_17_56_41_654.jpg;0;1;0;3.348008;106.2891;90.10621;1.369119;47.36862;-0.003066563
/home/zypo/Desktop/Udacity/RoboSWEng/Term1/SimulationEnvironment/IMG/robocam_2018_10_24_17_56_41_717.jpg;0;1;0;3.387583;106.4724;90.30841;1.434431;47.37816;-0.003316563
/home/zypo/Desktop/Udacity/RoboSWEng/Term1/SimulationEnvironment/IMG/robocam_2018_10_24_17_56_41_790.jpg;0;1;0;3.433604;106.612;90.46021;1.38908;47.34318;-0.001579999
/home/zypo/Desktop/Udacity/RoboSWEng/Term1/SimulationEnvironment/IMG/robocam_2018_10_24_17_56_41_854.jpg;0;1;0;3.487056;106.7539;90.61369;1.3732;47.32381;-0.001549457
/home/zypo/Desktop/Udacity/RoboSWEng/Term1/SimulationEnvironment/IMG/robocam_2018_10_24_17_56_41_922.jpg;4.190154;1;0;3.525615;106.9447;90.82254;1.383269;47.66262;0.0005739031
/home/zypo/Desktop/Udacity/RoboSWEng/Term1/SimulationEnvironment/IMG/robocam_2018_10_24_17_56_41_990.jpg;8.140011;1;0;3.563088;107.086;90.98378;1.370239;48.48583;0.042029
/home/zypo/Desktop/Udacity/RoboSWEng/Term1/SimulationEnvironment/IMG/robocam_2018_10_24_17_56_42_054.jpg;4.337454;1;0;3.613515;107.2264;91.14783;1.315341;49.42502;0.07644054
/home/zypo/Desktop/Udacity/RoboSWEng/Term1/SimulationEnvironment/IMG/robocam_2018_10_24_17_56_42_121.jpg;0.2042913;1;0;3.653615;107.4155;91.37;1.246328;50.04263;0.09919791
/home/zypo/Desktop/Udacity/RoboSWEng/Term1/SimulationEnvironment/IMG/robocam_2018_10_24_17_56_42_187.jpg;0;1;0;3.705061;107.5591;91.53935;1.228454;50.13811;0.113329
/home/zypo/Desktop/Udacity/RoboSWEng/Term1/SimulationEnvironment/IMG/robocam_2018_10_24_17_56_42_255.jpg;0;1;0;3.742978;107.7043;91.71097;1.237013;50.142;0.1198128
/home/zypo/Desktop/Udacity/RoboSWEng/Term1/SimulationEnvironment/IMG/robocam_2018_10_24_17_56_42_322.jpg;3.947153;1;0;3.78039;107.8984;91.94395;1.247016;50.45556;0.1269219
/home/zypo/Desktop/Udacity/RoboSWEng/Term1/SimulationEnvironment/IMG/robocam_2018_10_24_17_56_42_388.jpg;4.100089;1;0;3.817605;108.0429;92.12254;1.238564;51.04877;0.1495761
/home/zypo/Desktop/Udacity/RoboSWEng/Term1/SimulationEnvironment/IMG/robocam_2018_10_24_17_56_42_454.jpg;0.06568909;1;0;3.868751;108.1884;92.30302;1.220576;51.4591;0.1411427
/home/zypo/Desktop/Udacity/RoboSWEng/Term1/SimulationEnvironment/IMG/robocam_2018_10_24_17_56_42_519.jpg;0;1;0;3.907073;108.3849;92.54702;1.226573;51.59537;0.1154522
/home/zypo/Desktop/Udacity/RoboSWEng/Term1/SimulationEnvironment/IMG/robocam_2018_10_24_17_56_42_589.jpg;0;1;0;3.944254;108.5339;92.73267;1.259241;51.59396;0.09380335
/home/zypo/Desktop/Udacity/RoboSWEng/Term1/SimulationEnvironment/IMG/robocam_2018_10_24_17_56_42_653.jpg;0;1;0;3.99375;108.6846;92.92036;1.312389;51.56804;0.06216495
/home/zypo/Desktop/Udacity/RoboSWEng/Term1/SimulationEnvironment/IMG/robocam_2018_10_24_17_56_42_722.jpg;2.086501;1;0;4.030749;108.8874;93.17393;1.407089;51.61483;0.009563867
/home/zypo/Desktop/Udacity/RoboSWEng/Term1/SimulationEnvironment/IMG/robocam_2018_10_24_17_56_42_789.jpg;2.222099;1;0;4.066893;109.0394;93.36726;1.463568;51.91756;-0.004681807
/home/zypo/Desktop/Udacity/RoboSWEng/Term1/SimulationEnvironment/IMG/robocam_2018_10_24_17_56_42_855.jpg;0;1;0;4.117556;109.1922;93.56178;1.47241;52.07518;-0.002945371
/home/zypo/Desktop/Udacity/RoboSWEng/Term1/SimulationEnvironment/IMG/robocam_2018_10_24_17_56_42_922.jpg;0;1;0;4.156249;109.398;93.82352;1.462967;52.117;-0.001371181
/home/zypo/Desktop/Udacity/RoboSWEng/Term1/SimulationEnvironment/IMG/robocam_2018_10_24_17_56_42_989.jpg;0;1;0;4.192875;109.5541;94.02205;1.466458;52.10427;-0.00135282
/home/zypo/Desktop/Udacity/RoboSWEng/Term1/SimulationEnvironment/IMG/robocam_2018_10_24_17_56_43_053.jpg;0;1;0;4.242192;109.7115;94.22232;1.470024;52.08392;-0.001252791
/home/zypo/Desktop/Udacity/RoboSWEng/Term1/SimulationEnvironment/IMG/robocam_2018_10_24_17_56_43_122.jpg;0;1;0;4.278882;109.9236;94.49198;1.473888;52.05233;-0.00138971
/home/zypo/Desktop/Udacity/RoboSWEng/Term1/SimulationEnvironment/IMG/robocam_2018_10_24_17_56_43_189.jpg;0;1;0;4.315107;110.0844;94.69619;1.476742;52.02859;-0.001294964
/home/zypo/Desktop/Udacity/RoboSWEng/Term1/SimulationEnvironment/IMG/robocam_2018_10_24_17_56_43_256.jpg;0;1;0;4.364249;110.3009;94.97105;1.481991;51.99378;-0.0018034
/home/zypo/Desktop/Udacity/RoboSWEng/Term1/SimulationEnvironment/IMG/robocam_2018_10_24_17_56_43_322.jpg;0;1;0;4.400552;110.465;95.17912;1.485027;51.96958;-0.001444697
/home/zypo/Desktop/Udacity/RoboSWEng/Term1/SimulationEnvironment/IMG/robocam_2018_10_24_17_56_43_388.jpg;0;1;0;4.436738;110.6305;95.38882;1.48907;51.94391;-0.001461887
/home/zypo/Desktop/Udacity/RoboSWEng/Term1/SimulationEnvironment/IMG/robocam_2018_10_24_17_56_43_451.jpg;0;1;0;4.485022;110.7974;95.60012;1.490339;51.91877;-0.001361482
/home/zypo/Desktop/Udacity/RoboSWEng/Term1/SimulationEnvironment/IMG/robocam_2018_10_24_17_56_43_522.jpg;-3.994389;1;0;4.520776;111.0236;95.88332;1.49233;51.59256;0.0004989865
/home/zypo/Desktop/Udacity/RoboSWEng/Term1/SimulationEnvironment/IMG/robocam_2018_10_24_17_56_43_588.jpg;-7.919226;1;0;4.555967;111.1974;96.09525;1.488467;50.87281;0.0013049
/home/zypo/Desktop/Udacity/RoboSWEng/Term1/SimulationEnvironment/IMG/robocam_2018_10_24_17_56_43_654.jpg;-11.92705;1;0;4.60045;111.3759;96.30529;1.456798;49.67325;359.9884
/home/zypo/Desktop/Udacity/RoboSWEng/Term1/SimulationEnvironment/IMG/robocam_2018_10_24_17_56_43_721.jpg;-15;1;0;4.63121;111.6235;96.57782;1.298011;47.21935;359.8321
/home/zypo/Desktop/Udacity/RoboSWEng/Term1/SimulationEnvironment/IMG/robocam_2018_10_24_17_56_43_790.jpg;-15;1;0;4.662627;111.8164;96.77526;1.053124;45.02651;359.6334
/home/zypo/Desktop/Udacity/RoboSWEng/Term1/SimulationEnvironment/IMG/robocam_2018_10_24_17_56_43_853.jpg;-15;1;0;4.700527;112.0158;96.96586;0.7115069;42.76488;359.3581
/home/zypo/Desktop/Udacity/RoboSWEng/Term1/SimulationEnvironment/IMG/robocam_2018_10_24_17_56_43_922.jpg;-15;1;0;4.729458;112.2919;97.20824;0.1179267;39.74181;358.8825
/home/zypo/Desktop/Udacity/RoboSWEng/Term1/SimulationEnvironment/IMG/robocam_2018_10_24_17_56_43_989.jpg;-15;1;0;4.754591;112.5072;97.38452;359.7515;37.72156;358.5661
/home/zypo/Desktop/Udacity/RoboSWEng/Term1/SimulationEnvironment/IMG/robocam_2018_10_24_17_56_44_053.jpg;-15;1;0;4.763832;112.73;97.56062;359.6964;35.94126;358.4943
/home/zypo/Desktop/Udacity/RoboSWEng/Term1/SimulationEnvironment/IMG/robocam_2018_10_24_17_56_44_120.jpg;-15;1;0;4.764926;113.0395;97.78815;359.9236;33.57299;358.5721
/home/zypo/Desktop/Udacity/RoboSWEng/Term1/SimulationEnvironment/IMG/robocam_2018_10_24_17_56_44_189.jpg;-11.07432;1;0;4.768214;113.2782;97.95132;0.07352162;31.66224;358.7909
/home/zypo/Desktop/Udacity/RoboSWEng/Term1/SimulationEnvironment/IMG/robocam_2018_10_24_17_56_44_254.jpg;-7.215714;1;0;4.843962;113.5241;98.10533;0.1006099;29.748;358.9747
/home/zypo/Desktop/Udacity/RoboSWEng/Term1/SimulationEnvironment/IMG/robocam_2018_10_24_17_56_44_321.jpg;-3.0759;1;0;4.880291;113.8636;98.29805;0.1035125;28.18254;358.9663
/home/zypo/Desktop/Udacity/RoboSWEng/Term1/SimulationEnvironment/IMG/robocam_2018_10_24_17_56_44_388.jpg;0;1;0;4.912964;114.1221;98.43945;0.06906804;27.66111;358.958
/home/zypo/Desktop/Udacity/RoboSWEng/Term1/SimulationEnvironment/IMG/robocam_2018_10_24_17_56_44_455.jpg;0;1;0;4.958119;114.3838;98.57959;0.03569223;27.45881;358.9629
/home/zypo/Desktop/Udacity/RoboSWEng/Term1/SimulationEnvironment/IMG/robocam_2018_10_24_17_56_44_521.jpg;0;1;0;4.991295;114.7374;98.76593;0.03434395;27.3748;358.9915
/home/zypo/Desktop/Udacity/RoboSWEng/Term1/SimulationEnvironment/IMG/robocam_2018_10_24_17_56_44_587.jpg;0;1;0;5.011469;115.0047;98.90562;0.08708748;27.3632;359.0314
/home/zypo/Desktop/Udacity/RoboSWEng/Term1/SimulationEnvironment/IMG/robocam_2018_10_24_17_56_44_652.jpg;0;1;0;5.017827;115.273;99.04536;0.1936874;27.36324;359.0894
/home/zypo/Desktop/Udacity/RoboSWEng/Term1/SimulationEnvironment/IMG/robocam_2018_10_24_17_56_44_721.jpg;0;1;0;5.005575;115.6315;99.23209;0.3807605;27.36779;359.2184
/home/zypo/Desktop/Udacity/RoboSWEng/Term1/SimulationEnvironment/IMG/robocam_2018_10_24_17_56_44_785.jpg;4.144807;1;0;5.006025;115.9003;99.3736;0.5473374;27.55751;359.3724
/home/zypo/Desktop/Udacity/RoboSWEng/Term1/SimulationEnvironment/IMG/robocam_2018_10_24_17_56_44_853.jpg;1.987095;1;0;5.014773;116.1681;99.51707;0.7281864;27.9813;359.5789
/home/zypo/Desktop/Udacity/RoboSWEng/Term1/SimulationEnvironment/IMG/robocam_2018_10_24_17_56_44_920.jpg;0;1;0;5.011549;116.5255;99.70876;0.991914;28.27246;359.8528
/home/zypo/Desktop/Udacity/RoboSWEng/Term1/SimulationEnvironment/IMG/robocam_2018_10_24_17_56_44_988.jpg;0;1;0;5.011562;116.7938;99.85258;1.201407;28.34771;0.02003324
/home/zypo/Desktop/Udacity/RoboSWEng/Term1/SimulationEnvironment/IMG/robocam_2018_10_24_17_56_45_052.jpg;0;1;0;5.011913;117.0624;99.995;1.382522;28.33425;0.07991467
/home/zypo/Desktop/Udacity/RoboSWEng/Term1/SimulationEnvironment/IMG/robocam_2018_10_24_17_56_45_120.jpg;0;1;0;5.007177;117.4192;100.182;1.484563;28.27637;-0.001028342
/home/zypo/Desktop/Udacity/RoboSWEng/Term1/SimulationEnvironment/IMG/robocam_2018_10_24_17_56_45_188.jpg;0;1;0;5.042544;117.6837;100.3234;1.463872;28.26649;-0.004072228
/home/zypo/Desktop/Udacity/RoboSWEng/Term1/SimulationEnvironment/IMG/robocam_2018_10_24_17_56_45_255.jpg;0;1;0;5.009557;117.9491;100.4655;1.468751;28.28552;-0.003607044
/home/zypo/Desktop/Udacity/RoboSWEng/Term1/SimulationEnvironment/IMG/robocam_2018_10_24_17_56_45_321.jpg;0;1;0;5.019728;118.3034;100.655;1.494909;28.31362;-0.004583443
/home/zypo/Desktop/Udacity/RoboSWEng/Term1/SimulationEnvironment/IMG/robocam_2018_10_24_17_56_45_390.jpg;0;1;0;4.978705;118.5686;100.7964;1.507729;28.15227;-0.002617295
/home/zypo/Desktop/Udacity/RoboSWEng/Term1/SimulationEnvironment/IMG/robocam_2018_10_24_17_56_45_455.jpg;0;1;0;5.01414;118.8342;100.9376;1.496649;28.0745;-0.0003723189
/home/zypo/Desktop/Udacity/RoboSWEng/Term1/SimulationEnvironment/IMG/robocam_2018_10_24_17_56_45_522.jpg;0;1;0;5.023602;119.188;101.1249;1.467558;28.21968;-0.002175115
/home/zypo/Desktop/Udacity/RoboSWEng/Term1/SimulationEnvironment/IMG/robocam_2018_10_24_17_56_45_588.jpg;0;1;0;5.014326;119.4541;101.2658;1.470865;28.16497;-0.0008490909
/home/zypo/Desktop/Udacity/RoboSWEng/Term1/SimulationEnvironment/IMG/robocam_2018_10_24_17_56_45_653.jpg;-3.926582;1;0;5.021714;119.7203;101.4057;1.47808;28.01981;-0.002380045
/home/zypo/Desktop/Udacity/RoboSWEng/Term1/SimulationEnvironment/IMG/robocam_2018_10_24_17_56_45_721.jpg;-8.040719;1;0;5.013939;120.078;101.5888;1.506531;27.14334;0.0006020117
/home/zypo/Desktop/Udacity/RoboSWEng/Term1/SimulationEnvironment/IMG/robocam_2018_10_24_17_56_45_787.jpg;-3.983946;1;0;5.006192;120.3466;101.7235;1.484896;26.36353;-0.003158689
/home/zypo/Desktop/Udacity/RoboSWEng/Term1/SimulationEnvironment/IMG/robocam_2018_10_24_17_56_45_853.jpg;-0.04571915;1;0;4.986541;120.6146;101.8563;1.395705;25.88853;-0.003652674
/home/zypo/Desktop/Udacity/RoboSWEng/Term1/SimulationEnvironment/IMG/robocam_2018_10_24_17_56_45_922.jpg;0;1;0;5.009177;120.9735;102.0326;1.325012;25.72754;359.9933
/home/zypo/Desktop/Udacity/RoboSWEng/Term1/SimulationEnvironment/IMG/robocam_2018_10_24_17_56_45_988.jpg;0;1;0;5.020196;121.2438;102.1647;1.30893;25.7265;359.9928
/home/zypo/Desktop/Udacity/RoboSWEng/Term1/SimulationEnvironment/IMG/robocam_2018_10_24_17_56_46_052.jpg;0;1;0;5.011192;121.5135;102.2962;1.296322;25.74135;359.9934
/home/zypo/Desktop/Udacity/RoboSWEng/Term1/SimulationEnvironment/IMG/robocam_2018_10_24_17_56_46_121.jpg;0;1;0;5.017305;121.8748;102.4721;1.325543;25.77171;359.994
/home/zypo/Desktop/Udacity/RoboSWEng/Term1/SimulationEnvironment/IMG/robocam_2018_10_24_17_56_46_188.jpg;0;1;0;4.994824;122.1456;102.6037;1.353944;25.80103;-0.005462314
/home/zypo/Desktop/Udacity/RoboSWEng/Term1/SimulationEnvironment/IMG/robocam_2018_10_24_17_56_46_254.jpg;0;1;0;5.017592;122.4168;102.7354;1.396864;25.8184;-0.005046608
/home/zypo/Desktop/Udacity/RoboSWEng/Term1/SimulationEnvironment/IMG/robocam_2018_10_24_17_56_46_320.jpg;0;1;0;4.995125;122.7789;102.911;1.465193;25.8316;-0.004452604
/home/zypo/Desktop/Udacity/RoboSWEng/Term1/SimulationEnvironment/IMG/robocam_2018_10_24_17_56_46_386.jpg;0;1;0;5.008426;123.0505;103.0424;1.519122;25.83253;-0.004038755
/home/zypo/Desktop/Udacity/RoboSWEng/Term1/SimulationEnvironment/IMG/robocam_2018_10_24_17_56_46_451.jpg;0;1;0;5.036126;123.3198;103.1723;1.43499;25.82042;-0.001942784
/home/zypo/Desktop/Udacity/RoboSWEng/Term1/SimulationEnvironment/IMG/robocam_2018_10_24_17_56_46_519.jpg;0;0.8016732;0;5.01162;123.6803;103.3453;1.373397;25.79008;-0.001581003
/home/zypo/Desktop/Udacity/RoboSWEng/Term1/SimulationEnvironment/IMG/robocam_2018_10_24_17_56_46_585.jpg;2.161374;0.5973554;0;5.008643;123.9504;103.4751;1.3235;25.83494;-0.001381774
/home/zypo/Desktop/Udacity/RoboSWEng/Term1/SimulationEnvironment/IMG/robocam_2018_10_24_17_56_46_651.jpg;6.022797;0.4042842;0;4.999917;124.2192;103.6065;1.253076;26.22355;0.01712663
/home/zypo/Desktop/Udacity/RoboSWEng/Term1/SimulationEnvironment/IMG/robocam_2018_10_24_17_56_46_720.jpg;10.10958;0.199945;0;4.994221;124.5718;103.7872;1.072608;27.29139;0.1795001
/home/zypo/Desktop/Udacity/RoboSWEng/Term1/SimulationEnvironment/IMG/robocam_2018_10_24_17_56_46_785.jpg;14.13906;0;0;4.985886;124.8308;103.9286;0.8629799;28.69177;0.427476
/home/zypo/Desktop/Udacity/RoboSWEng/Term1/SimulationEnvironment/IMG/robocam_2018_10_24_17_56_46_854.jpg;15;0;0;4.959261;125.0832;104.0756;0.5628611;30.46868;0.7802299
/home/zypo/Desktop/Udacity/RoboSWEng/Term1/SimulationEnvironment/IMG/robocam_2018_10_24_17_56_46_919.jpg;15;0;0;4.942112;125.4079;104.2774;359.8954;33.16603;1.254283
/home/zypo/Desktop/Udacity/RoboSWEng/Term1/SimulationEnvironment/IMG/robocam_2018_10_24_17_56_46_988.jpg;15;0;0;4.917599;125.6494;104.4353;359.5928;34.97349;1.458672
/home/zypo/Desktop/Udacity/RoboSWEng/Term1/SimulationEnvironment/IMG/robocam_2018_10_24_17_56_47_051.jpg;15;0;0;4.888667;125.889;104.5991;359.464;36.86774;1.519695
/home/zypo/Desktop/Udacity/RoboSWEng/Term1/SimulationEnvironment/IMG/robocam_2018_10_24_17_56_47_119.jpg;15;0;0;4.865327;126.2034;104.8298;359.59;39.52971;1.366911
/home/zypo/Desktop/Udacity/RoboSWEng/Term1/SimulationEnvironment/IMG/robocam_2018_10_24_17_56_47_189.jpg;15;0;0;4.839614;126.432;105.0137;359.8539;41.51786;1.165802
/home/zypo/Desktop/Udacity/RoboSWEng/Term1/SimulationEnvironment/IMG/robocam_2018_10_24_17_56_47_254.jpg;15;0;0;4.768904;126.6472;105.2075;0.06150763;43.37344;1.133652
/home/zypo/Desktop/Udacity/RoboSWEng/Term1/SimulationEnvironment/IMG/robocam_2018_10_24_17_56_47_322.jpg;15;0;0;4.748772;126.916;105.4724;359.9892;46.14877;1.18375
/home/zypo/Desktop/Udacity/RoboSWEng/Term1/SimulationEnvironment/IMG/robocam_2018_10_24_17_56_47_387.jpg;15;0;0;4.729526;127.1089;105.6781;359.9712;48.19772;1.22803
/home/zypo/Desktop/Udacity/RoboSWEng/Term1/SimulationEnvironment/IMG/robocam_2018_10_24_17_56_47_454.jpg;15;0;0;4.693124;127.2933;105.8909;0.02181896;50.22523;1.317894
/home/zypo/Desktop/Udacity/RoboSWEng/Term1/SimulationEnvironment/IMG/robocam_2018_10_24_17_56_47_521.jpg;15;0;0;4.672493;127.5281;106.1794;0.01466167;52.93742;1.304903
/home/zypo/Desktop/Udacity/RoboSWEng/Term1/SimulationEnvironment/IMG/robocam_2018_10_24_17_56_47_588.jpg;15;0;0;4.643744;127.6952;106.4009;0.007566356;54.97559;1.219408
/home/zypo/Desktop/Udacity/RoboSWEng/Term1/SimulationEnvironment/IMG/robocam_2018_10_24_17_56_47_654.jpg;15;0;0;4.608694;127.8508;106.6277;359.9697;56.97097;1.17139
/home/zypo/Desktop/Udacity/RoboSWEng/Term1/SimulationEnvironment/IMG/robocam_2018_10_24_17_56_47_722.jpg;15;0;0;4.581105;128.043;106.9388;359.9922;59.63448;1.230312
/home/zypo/Desktop/Udacity/RoboSWEng/Term1/SimulationEnvironment/IMG/robocam_2018_10_24_17_56_47_789.jpg;15;0;0;4.560131;128.1762;107.1763;359.9932;61.7039;1.317315
/home/zypo/Desktop/Udacity/RoboSWEng/Term1/SimulationEnvironment/IMG/robocam_2018_10_24_17_56_47_854.jpg;15;0;0;4.534072;128.3028;107.4163;0.01613397;63.77141;1.2912
/home/zypo/Desktop/Udacity/RoboSWEng/Term1/SimulationEnvironment/IMG/robocam_2018_10_24_17_56_47_920.jpg;15;0;0;4.507551;128.4572;107.7404;0.0159978;66.53337;1.19635
/home/zypo/Desktop/Udacity/RoboSWEng/Term1/SimulationEnvironment/IMG/robocam_2018_10_24_17_56_47_987.jpg;15;0;0;4.478379;128.5601;107.9865;359.9698;68.58858;1.172876
/home/zypo/Desktop/Udacity/RoboSWEng/Term1/SimulationEnvironment/IMG/robocam_2018_10_24_17_56_48_052.jpg;15;0;0;4.446955;128.6518;108.2369;0.01562138;70.63378;1.234167
/home/zypo/Desktop/Udacity/RoboSWEng/Term1/SimulationEnvironment/IMG/robocam_2018_10_24_17_56_48_122.jpg;15;0;0;4.427163;128.7621;108.5719;0.01865997;73.44003;1.215717
/home/zypo/Desktop/Udacity/RoboSWEng/Term1/SimulationEnvironment/IMG/robocam_2018_10_24_17_56_48_187.jpg;15;0;0;4.399881;128.8339;108.8239;359.9729;75.50163;1.17518
/home/zypo/Desktop/Udacity/RoboSWEng/Term1/SimulationEnvironment/IMG/robocam_2018_10_24_17_56_48_253.jpg;15;0;0;4.368071;128.8937;109.079;0.01666203;77.56639;1.214634
/home/zypo/Desktop/Udacity/RoboSWEng/Term1/SimulationEnvironment/IMG/robocam_2018_10_24_17_56_48_321.jpg;15;0;0;4.348695;128.9611;109.4187;0.01556685;80.3979;1.186022
/home/zypo/Desktop/Udacity/RoboSWEng/Term1/SimulationEnvironment/IMG/robocam_2018_10_24_17_56_48_388.jpg;15;0;0;4.320737;128.9995;109.6731;359.9711;82.53991;1.188704
/home/zypo/Desktop/Udacity/RoboSWEng/Term1/SimulationEnvironment/IMG/robocam_2018_10_24_17_56_48_454.jpg;15;0;0;4.290825;129.0267;109.9289;0.01689734;84.6547;1.246317
/home/zypo/Desktop/Udacity/RoboSWEng/Term1/SimulationEnvironment/IMG/robocam_2018_10_24_17_56_48_522.jpg;15;0;0;4.271056;129.0509;110.2682;0.01787598;87.51653;1.226678
/home/zypo/Desktop/Udacity/RoboSWEng/Term1/SimulationEnvironment/IMG/robocam_2018_10_24_17_56_48_586.jpg;15;0;0;4.244291;129.0587;110.521;359.9809;89.63781;1.16292
/home/zypo/Desktop/Udacity/RoboSWEng/Term1/SimulationEnvironment/IMG/robocam_2018_10_24_17_56_48_653.jpg;15;0;0;4.211964;129.0534;110.7734;0.01784418;91.74353;1.210865
/home/zypo/Desktop/Udacity/RoboSWEng/Term1/SimulationEnvironment/IMG/robocam_2018_10_24_17_56_48_721.jpg;15;0;0;4.194573;129.0349;111.1068;0.008975439;94.61227;1.184711
/home/zypo/Desktop/Udacity/RoboSWEng/Term1/SimulationEnvironment/IMG/robocam_2018_10_24_17_56_48_788.jpg;15;0;0;4.168012;129.0099;111.3538;359.9745;96.74152;1.179646
/home/zypo/Desktop/Udacity/RoboSWEng/Term1/SimulationEnvironment/IMG/robocam_2018_10_24_17_56_48_853.jpg;15;0;0;4.138751;128.9738;111.5993;0.01839799;98.86893;1.229895
/home/zypo/Desktop/Udacity/RoboSWEng/Term1/SimulationEnvironment/IMG/robocam_2018_10_24_17_56_48_923.jpg;15;0;0;4.119982;128.9151;111.922;0.01487543;101.7496;1.194512
/home/zypo/Desktop/Udacity/RoboSWEng/Term1/SimulationEnvironment/IMG/robocam_2018_10_24_17_56_48_989.jpg;15;0;0;4.09384;128.8602;112.1595;359.9776;103.9079;1.177425
/home/zypo/Desktop/Udacity/RoboSWEng/Term1/SimulationEnvironment/IMG/robocam_2018_10_24_17_56_49_051.jpg;15;0;0;4.079377;128.7945;112.3941;0.01726817;106.0605;1.230267
/home/zypo/Desktop/Udacity/RoboSWEng/Term1/SimulationEnvironment/IMG/robocam_2018_10_24_17_56_49_122.jpg;15;0;0;4.046415;128.6972;112.7012;0.01633548;108.959;1.189149
/home/zypo/Desktop/Udacity/RoboSWEng/Term1/SimulationEnvironment/IMG/robocam_2018_10_24_17_56_49_188.jpg;15;0;0;4.020249;128.6139;112.9254;359.9696;111.1326;1.181415
/home/zypo/Desktop/Udacity/RoboSWEng/Term1/SimulationEnvironment/IMG/robocam_2018_10_24_17_56_49_254.jpg;12.95736;0;0;3.992265;128.521;113.1461;0.01521961;113.2341;1.218471
/home/zypo/Desktop/Udacity/RoboSWEng/Term1/SimulationEnvironment/IMG/robocam_2018_10_24_17_56_49_321.jpg;9.024539;0;0;3.977063;128.3906;113.4348;0.01077097;115.5728;1.121537
/home/zypo/Desktop/Udacity/RoboSWEng/Term1/SimulationEnvironment/IMG/robocam_2018_10_24_17_56_49_389.jpg;5.001655;0;0;3.956563;128.286;113.6465;359.9726;116.7686;1.101458
/home/zypo/Desktop/Udacity/RoboSWEng/Term1/SimulationEnvironment/IMG/robocam_2018_10_24_17_56_49_454.jpg;0.9776402;0;0;3.938664;128.179;113.8569;359.9691;117.4313;1.056252
/home/zypo/Desktop/Udacity/RoboSWEng/Term1/SimulationEnvironment/IMG/robocam_2018_10_24_17_56_49_522.jpg;0;0;0;3.924625;128.0353;114.1353;359.9484;117.6987;0.9809892
/home/zypo/Desktop/Udacity/RoboSWEng/Term1/SimulationEnvironment/IMG/robocam_2018_10_24_17_56_49_586.jpg;0;0;0;3.911233;127.9272;114.3427;359.9171;117.7419;0.9163247
/home/zypo/Desktop/Udacity/RoboSWEng/Term1/SimulationEnvironment/IMG/robocam_2018_10_24_17_56_49_656.jpg;0;0;0;3.893657;127.8192;114.549;359.8746;117.7521;0.8381041
/home/zypo/Desktop/Udacity/RoboSWEng/Term1/SimulationEnvironment/IMG/robocam_2018_10_24_17_56_49_722.jpg;0;0;0;3.880554;127.6757;114.8227;359.8022;117.7523;0.7138794
/home/zypo/Desktop/Udacity/RoboSWEng/Term1/SimulationEnvironment/IMG/robocam_2018_10_24_17_56_49_787.jpg;-2.024817;0;0;3.867545;127.5692;115.0273;359.7417;117.657;0.5880476
/home/zypo/Desktop/Udacity/RoboSWEng/Term1/SimulationEnvironment/IMG/robocam_2018_10_24_17_56_49_855.jpg;-5.981398;0;0;3.84915;127.4655;115.2322;359.6639;117.2136;0.4015919
/home/zypo/Desktop/Udacity/RoboSWEng/Term1/SimulationEnvironment/IMG/robocam_2018_10_24_17_56_49_921.jpg;-6.089644;0;0;3.833104;127.334;115.5069;359.5423;115.9934;0.01587711
/home/zypo/Desktop/Udacity/RoboSWEng/Term1/SimulationEnvironment/IMG/robocam_2018_10_24_17_56_49_987.jpg;-2.042055;0;0;3.819663;127.2366;115.7126;359.4731;115.3397;359.7516
/home/zypo/Desktop/Udacity/RoboSWEng/Term1/SimulationEnvironment/IMG/robocam_2018_10_24_17_56_50_053.jpg;0;0;0;3.801093;127.1387;115.918;359.4467;115.0918;359.5643
/home/zypo/Desktop/Udacity/RoboSWEng/Term1/SimulationEnvironment/IMG/robocam_2018_10_24_17_56_50_122.jpg;0;0;0;3.786901;127.0088;116.1917;359.461;115.0239;359.393
/home/zypo/Desktop/Udacity/RoboSWEng/Term1/SimulationEnvironment/IMG/robocam_2018_10_24_17_56_50_187.jpg;0;0;0;3.77289;126.9111;116.397;359.5324;115.039;359.3495
/home/zypo/Desktop/Udacity/RoboSWEng/Term1/SimulationEnvironment/IMG/robocam_2018_10_24_17_56_50_254.jpg;0;0;0;3.753645;126.8141;116.6021;359.6292;115.0584;359.3457
/home/zypo/Desktop/Udacity/RoboSWEng/Term1/SimulationEnvironment/IMG/robocam_2018_10_24_17_56_50_322.jpg;0;0;0;3.7407;126.6859;116.8744;359.7398;115.0736;359.368
/home/zypo/Desktop/Udacity/RoboSWEng/Term1/SimulationEnvironment/IMG/robocam_2018_10_24_17_56_50_387.jpg;4.0341;0;0;3.727878;126.5886;117.0766;359.7902;115.3522;359.4424
/home/zypo/Desktop/Udacity/RoboSWEng/Term1/SimulationEnvironment/IMG/robocam_2018_10_24_17_56_50_454.jpg;8.10329;0;0;3.709448;126.4883;117.2758;359.8082;116.0976;359.6121
/home/zypo/Desktop/Udacity/RoboSWEng/Term1/SimulationEnvironment/IMG/robocam_2018_10_24_17_56_50_522.jpg;7.94878;0;0;3.692917;126.3482;117.5355;359.7894;117.7478;0.009563193
/home/zypo/Desktop/Udacity/RoboSWEng/Term1/SimulationEnvironment/IMG/robocam_2018_10_24_17_56_50_586.jpg;3.876643;0;0;3.675587;126.2411;117.7277;359.7596;118.7645;0.3404664
/home/zypo/Desktop/Udacity/RoboSWEng/Term1/SimulationEnvironment/IMG/robocam_2018_10_24_17_56_50_654.jpg;0;0;0;3.663209;126.1345;117.9196;359.7521;119.2863;0.5988495
/home/zypo/Desktop/Udacity/RoboSWEng/Term1/SimulationEnvironment/IMG/robocam_2018_10_24_17_56_50_718.jpg;0;0;0;3.649574;125.993;118.1752;359.7781;119.4616;0.8339257
/home/zypo/Desktop/Udacity/RoboSWEng/Term1/SimulationEnvironment/IMG/robocam_2018_10_24_17_56_50_788.jpg;3.981543;0;0;3.636157;125.8852;118.3655;359.8326;119.7202;0.9764372
/home/zypo/Desktop/Udacity/RoboSWEng/Term1/SimulationEnvironment/IMG/robocam_2018_10_24_17_56_50_856.jpg;0;0;0;3.616917;125.7407;118.6188;359.9777;120.0476;1.046442
/home/zypo/Desktop/Udacity/RoboSWEng/Term1/SimulationEnvironment/IMG/robocam_2018_10_24_17_56_50_923.jpg;0;0;0;3.603858;125.6331;118.8073;0.03986621;120.101;1.023164
/home/zypo/Desktop/Udacity/RoboSWEng/Term1/SimulationEnvironment/IMG/robocam_2018_10_24_17_56_50_989.jpg;0;0;0;3.592452;125.5259;118.994;0.0391579;120.1118;0.9731182
/home/zypo/Desktop/Udacity/RoboSWEng/Term1/SimulationEnvironment/IMG/robocam_2018_10_24_17_56_51_054.jpg;-1.709104;0;0;3.576741;125.419;119.1796;0.009250077;120.0829;0.9106569
/home/zypo/Desktop/Udacity/RoboSWEng/Term1/SimulationEnvironment/IMG/robocam_2018_10_24_17_56_51_122.jpg;-1.9701;0;0;3.564044;125.2802;119.427;359.9328;119.6289;0.7382336
/home/zypo/Desktop/Udacity/RoboSWEng/Term1/SimulationEnvironment/IMG/robocam_2018_10_24_17_56_51_188.jpg;0;0;0;3.552253;125.1761;119.6114;359.8645;119.4796;0.6104559
/home/zypo/Desktop/Udacity/RoboSWEng/Term1/SimulationEnvironment/IMG/robocam_2018_10_24_17_56_51_255.jpg;0;0;0;3.53641;125.0724;119.795;359.7888;119.4368;0.4791908
/home/zypo/Desktop/Udacity/RoboSWEng/Term1/SimulationEnvironment/IMG/robocam_2018_10_24_17_56_51_321.jpg;0;0;0;3.524408;124.9348;120.0388;359.6812;119.4224;0.3016852
/home/zypo/Desktop/Udacity/RoboSWEng/Term1/SimulationEnvironment/IMG/robocam_2018_10_24_17_56_51_388.jpg;0;0;0;3.512544;124.8321;120.2207;359.5938;119.4209;0.1757129
/home/zypo/Desktop/Udacity/RoboSWEng/Term1/SimulationEnvironment/IMG/robocam_2018_10_24_17_56_51_452.jpg;0;0;0;3.496516;124.7297;120.4023;359.5165;119.4156;0.04410322
/home/zypo/Desktop/Udacity/RoboSWEng/Term1/SimulationEnvironment/IMG/robocam_2018_10_24_17_56_51_522.jpg;0;0;0;3.484424;124.5931;120.6434;359.435;119.4215;359.9045
/home/zypo/Desktop/Udacity/RoboSWEng/Term1/SimulationEnvironment/IMG/robocam_2018_10_24_17_56_51_588.jpg;0;0;0;3.471611;124.4908;120.8238;359.3974;119.4306;359.832
/home/zypo/Desktop/Udacity/RoboSWEng/Term1/SimulationEnvironment/IMG/robocam_2018_10_24_17_56_51_652.jpg;0;0;0;3.455248;124.3885;121.0038;359.3833;119.4452;359.7935
/home/zypo/Desktop/Udacity/RoboSWEng/Term1/SimulationEnvironment/IMG/robocam_2018_10_24_17_56_51_719.jpg;0;0;0;3.443019;124.2529;121.2432;359.3684;119.4522;359.7506
/home/zypo/Desktop/Udacity/RoboSWEng/Term1/SimulationEnvironment/IMG/robocam_2018_10_24_17_56_51_787.jpg;0;0;0;3.430823;124.1512;121.4221;359.3831;119.4651;359.7575
/home/zypo/Desktop/Udacity/RoboSWEng/Term1/SimulationEnvironment/IMG/robocam_2018_10_24_17_56_51_853.jpg;0;0;0;3.414884;124.0502;121.6006;359.3907;119.4685;359.7605
/home/zypo/Desktop/Udacity/RoboSWEng/Term1/SimulationEnvironment/IMG/robocam_2018_10_24_17_56_51_921.jpg;0;0;0.1982939;3.393051;123.917;121.8355;359.3538;119.4755;359.7844
/home/zypo/Desktop/Udacity/RoboSWEng/Term1/SimulationEnvironment/IMG/robocam_2018_10_24_17_56_51_987.jpg;0;0;0.3973346;3.339684;123.8202;122.0063;359.2238;119.4835;359.8226
/home/zypo/Desktop/Udacity/RoboSWEng/Term1/SimulationEnvironment/IMG/robocam_2018_10_24_17_56_52_053.jpg;0;0;0.5890381;3.209337;123.7271;122.1696;358.9587;119.4961;359.8997
/home/zypo/Desktop/Udacity/RoboSWEng/Term1/SimulationEnvironment/IMG/robocam_2018_10_24_17_56_52_121.jpg;0;0;0.7958908;3.074034;123.6094;122.3763;358.5442;119.5573;0.03675275
/home/zypo/Desktop/Udacity/RoboSWEng/Term1/SimulationEnvironment/IMG/robocam_2018_10_24_17_56_52_189.jpg;0;0;1;2.977714;123.525;122.5293;358.459;119.4865;359.9921
/home/zypo/Desktop/Udacity/RoboSWEng/Term1/SimulationEnvironment/IMG/robocam_2018_10_24_17_56_52_253.jpg;0;0;1;2.822378;123.4416;122.6782;358.5556;119.3202;359.9843
/home/zypo/Desktop/Udacity/RoboSWEng/Term1/SimulationEnvironment/IMG/robocam_2018_10_24_17_56_52_321.jpg;0;0;1;2.694292;123.3375;122.8653;358.7244;119.1973;-0.004179324
/home/zypo/Desktop/Udacity/RoboSWEng/Term1/SimulationEnvironment/IMG/robocam_2018_10_24_17_56_52_387.jpg;0;0;1;2.47736;123.2668;122.9928;358.7397;119.152;-0.004371658
/home/zypo/Desktop/Udacity/RoboSWEng/Term1/SimulationEnvironment/IMG/robocam_2018_10_24_17_56_52_455.jpg;0;0;1;2.247543;123.2013;123.1106;358.6912;119.1249;-0.003271607
/home/zypo/Desktop/Udacity/RoboSWEng/Term1/SimulationEnvironment/IMG/robocam_2018_10_24_17_56_52_522.jpg;2.039638;0;1;2.112136;123.1204;123.2559;358.682;119.1406;-0.0008331031
/home/zypo/Desktop/Udacity/RoboSWEng/Term1/SimulationEnvironment/IMG/robocam_2018_10_24_17_56_52_588.jpg;1.993918;0;1;1.938685;123.0647;123.3544;358.6715;119.3079;-0.002749143
/home/zypo/Desktop/Udacity/RoboSWEng/Term1/SimulationEnvironment/IMG/robocam_2018_10_24_17_56_52_654.jpg;0;0;1;1.718657;123.0137;123.4442;358.6299;119.4198;-0.0002083803
/home/zypo/Desktop/Udacity/RoboSWEng/Term1/SimulationEnvironment/IMG/robocam_2018_10_24_17_56_52_721.jpg;0;0;1;1.599401;122.952;123.553;358.6588;119.5289;0.002280253
/home/zypo/Desktop/Udacity/RoboSWEng/Term1/SimulationEnvironment/IMG/robocam_2018_10_24_17_56_52_787.jpg;0;0;1;1.39311;122.9126;123.623;358.6151;119.5584;-0.005319603
/home/zypo/Desktop/Udacity/RoboSWEng/Term1/SimulationEnvironment/IMG/robocam_2018_10_24_17_56_52_852.jpg;0;0;1;1.204931;122.8762;123.687;358.6346;119.6095;0.002086521
/home/zypo/Desktop/Udacity/RoboSWEng/Term1/SimulationEnvironment/IMG/robocam_2018_10_24_17_56_52_922.jpg;0;0;1;1.063963;122.8363;123.7577;358.6042;119.6431;0.002358582
/home/zypo/Desktop/Udacity/RoboSWEng/Term1/SimulationEnvironment/IMG/robocam_2018_10_24_17_56_52_986.jpg;0;0;1;0.8933917;122.812;123.8015;358.5856;119.6934;-0.004819072
/home/zypo/Desktop/Udacity/RoboSWEng/Term1/SimulationEnvironment/IMG/robocam_2018_10_24_17_56_53_053.jpg;0;0;1;0.6420141;122.7936;123.8342;358.5092;119.7175;0.002304448
/home/zypo/Desktop/Udacity/RoboSWEng/Term1/SimulationEnvironment/IMG/robocam_2018_10_24_17_56_53_121.jpg;0;0;1;0.4428142;122.7787;123.8613;358.4405;119.7447;0.004454133
/home/zypo/Desktop/Udacity/RoboSWEng/Term1/SimulationEnvironment/IMG/robocam_2018_10_24_17_56_53_188.jpg;0;0;1;0.2358867;122.7745;123.8692;358.4171;119.7318;359.9918
/home/zypo/Desktop/Udacity/RoboSWEng/Term1/SimulationEnvironment/IMG/robocam_2018_10_24_17_56_53_255.jpg;0;0;0;-0.01168007;122.7745;123.8693;358.4491;119.7347;0.01479742
/home/zypo/Desktop/Udacity/RoboSWEng/Term1/SimulationEnvironment/IMG/robocam_2018_10_24_17_56_53_322.jpg;0;0;0;-0.09088272;122.7745;123.8693;358.9125;119.7357;-0.001231337
/home/zypo/Desktop/Udacity/RoboSWEng/Term1/SimulationEnvironment/IMG/robocam_2018_10_24_17_56_53_387.jpg;0;0;0;-0.1182358;122.7745;123.8691;359.3086;119.7357;359.9915
/home/zypo/Desktop/Udacity/RoboSWEng/Term1/SimulationEnvironment/IMG/robocam_2018_10_24_17_56_53_454.jpg;0;0;0;-0.1134162;122.7746;123.869;359.6891;119.7357;359.9851
/home/zypo/Desktop/Udacity/RoboSWEng/Term1/SimulationEnvironment/IMG/robocam_2018_10_24_17_56_53_520.jpg;0;0;0;-0.1068232;122.7747;123.8688;0.1618767;119.7359;359.978
/home/zypo/Desktop/Udacity/RoboSWEng/Term1/SimulationEnvironment/IMG/robocam_2018_10_24_17_56_53_587.jpg;0;0;0;-0.09868701;122.7748;123.8687;0.4838488;119.736;359.9738
/home/zypo/Desktop/Udacity/RoboSWEng/Term1/SimulationEnvironment/IMG/robocam_2018_10_24_17_56_53_655.jpg;0;0;0;-0.08587543;122.7748;123.8686;0.7635008;119.7372;359.9804
/home/zypo/Desktop/Udacity/RoboSWEng/Term1/SimulationEnvironment/IMG/robocam_2018_10_24_17_56_53_721.jpg;0;0;0;-0.06656449;122.7749;123.8686;1.047496;119.7366;0.01734416
/home/zypo/Desktop/Udacity/RoboSWEng/Term1/SimulationEnvironment/IMG/robocam_2018_10_24_17_56_53_789.jpg;0;0;0;-0.05035248;122.7749;123.8685;1.192356;119.736;0.02108573
/home/zypo/Desktop/Udacity/RoboSWEng/Term1/SimulationEnvironment/IMG/robocam_2018_10_24_17_56_53_854.jpg;0;0;0;-0.01774743;122.775;123.8685;1.235749;119.7363;-0.003137307
/home/zypo/Desktop/Udacity/RoboSWEng/Term1/SimulationEnvironment/IMG/robocam_2018_10_24_17_56_53_923.jpg;0;0;0;0;122.775;123.8685;1.178877;119.7361;-0.001747804
/home/zypo/Desktop/Udacity/RoboSWEng/Term1/SimulationEnvironment/IMG/robocam_2018_10_24_17_56_53_987.jpg;0;0;0;0.01928891;122.7751;123.8686;1.101466;119.736;0.003088323
/home/zypo/Desktop/Udacity/RoboSWEng/Term1/SimulationEnvironment/IMG/robocam_2018_10_24_17_56_54_052.jpg;0;0;0;0.02845267;122.7752;123.8687;1.004288;119.7359;0.004109923
/home/zypo/Desktop/Udacity/RoboSWEng/Term1/SimulationEnvironment/IMG/robocam_2018_10_24_17_56_54_122.jpg;0;0;0;0.03208248;122.7752;123.8688;0.8577085;119.7358;0.00952806
